{
	"format_version": "1.12.0",
	"minecraft:geometry": [
		{
			"description": {
				"identifier": "geometry.unknown",
				"texture_width": 16,
				"texture_height": 16,
				"visible_bounds_width": 2,
				"visible_bounds_height": 2.5,
				"visible_bounds_offset": [0, 0.75, 0]
			},
			"bones": [
				{
					"name": "bb_main",
					"pivot": [0, 0, 0],
					"cubes": [
						{
							"origin": [-4.84, 0, -5.84],
							"size": [9.68, 1.815, 9.68],
							"uv": {
								"north": {"uv": [0, 4.2625], "uv_size": [4.18333, 0.6625]},
								"east": {"uv": [0, 4.2625], "uv_size": [4.18333, 0.6625]},
								"south": {"uv": [0, 4.2625], "uv_size": [4.18333, 0.6625]},
								"west": {"uv": [0, 4.2625], "uv_size": [4.18333, 0.6625]},
								"up": {"uv": [4.18333, 4.925], "uv_size": [-4.18333, -0.6625]},
								"down": {"uv": [4.18333, 4.925], "uv_size": [-4.18333, -0.6625]}
							}
						},
						{
							"origin": [-3.388, 1.015, -4.267],
							"size": [6.776, 2.01, 6.534],
							"uv": {
								"north": {"uv": [8.84792, 0.85417], "uv_size": [1.76667, 0.6125]},
								"east": {"uv": [8.84792, 0.85417], "uv_size": [1.76667, 0.6125]},
								"south": {"uv": [8.84792, 0.85417], "uv_size": [1.76667, 0.6125]},
								"west": {"uv": [8.84792, 0.85417], "uv_size": [1.76667, 0.6125]},
								"up": {"uv": [11.44792, 3.13333], "uv_size": [-2.68333, -2.27917]},
								"down": {"uv": [10.61458, 1.46667], "uv_size": [-1.76667, -0.6125]}
							}
						},
						{
							"origin": [-2.188, 0.515, -2.967],
							"size": [4.376, 10.01, 3.734],
							"uv": {
								"north": {"uv": [14.5, 2.02083], "uv_size": [1.5, 3.47917]},
								"east": {"uv": [8.58333, 7.60417], "uv_size": [0.825, 2.1875]},
								"south": {"uv": [14.34167, 5.0125], "uv_size": [0.83333, 2.0625]},
								"west": {"uv": [8.58333, 7.60417], "uv_size": [0.825, 2.1875]},
								"up": {"uv": [15.16667, 5.0125], "uv_size": [-0.83333, 0.90417]},
								"down": {"uv": [16, 5], "uv_size": [-1.5, -2.97917]}
							}
						},
						{
							"origin": [-0.8, 8.2, -4.2],
							"size": [1.6, 6.2, 1.6],
							"pivot": [0, 2.3, 0],
							"rotation": [-19, 0, 0],
							"uv": {
								"north": {"uv": [6.75, 0], "uv_size": [0.83333, 2]},
								"east": {"uv": [6.75, 0], "uv_size": [0.83333, 2]},
								"south": {"uv": [6.75, 0], "uv_size": [0.83333, 2]},
								"west": {"uv": [6.75, 0], "uv_size": [0.83333, 2]},
								"up": {"uv": [7.58333, 2], "uv_size": [-0.83333, -2]},
								"down": {"uv": [7.58333, 2], "uv_size": [-0.83333, -2]}
							}
						}
					]
				},
				{
					"name": "bone",
					"pivot": [0, 2.3, 0],
					"cubes": [
						{
							"origin": [-2, 13.8, -2.9],
							"size": [4, 4, 5.8],
							"uv": {
								"north": {"uv": [1.91667, 4.11458], "uv_size": [1.58333, 1.16667]},
								"east": {"uv": [1.41667, 4.11458], "uv_size": [2.08333, 1.16667]},
								"south": {"uv": [1.41667, 4.11458], "uv_size": [2.08333, 1.16667]},
								"west": {"uv": [1.41667, 4.11458], "uv_size": [2.08333, 1.16667]},
								"up": {"uv": [3.5, 5.28125], "uv_size": [-2.08333, -1.16667]},
								"down": {"uv": [8.05833, 2.025], "uv_size": [-2.24167, -2.025]}
							}
						},
						{
							"origin": [-2.7, 15, -5.7],
							"size": [5.4, 4, 9.5],
							"uv": {
								"north": {"uv": [6.4, 2.17292], "uv_size": [2.01667, 1.49167]},
								"east": {"uv": [2.16667, 9.03125], "uv_size": [2.08333, 2.25]},
								"south": {"uv": [4.08333, 7.53125], "uv_size": [2.33333, 1.5]},
								"west": {"uv": [2.16667, 9.03125], "uv_size": [2.08333, 2.25]},
								"up": {"uv": [2.15833, 11.28125], "uv_size": [-2.15833, -2.25]},
								"down": {"uv": [4.25, 11.28125], "uv_size": [-2.08333, -2.25]}
							}
						},
						{
							"origin": [-3.7, 16.7, -1.2],
							"size": [7.4, 0.6, 4],
							"uv": {
								"north": {"uv": [8.26042, 0], "uv_size": [2.20833, 0.77083]},
								"east": {"uv": [8.26042, 0], "uv_size": [2.20833, 0.77083]},
								"south": {"uv": [8.26042, 0], "uv_size": [2.20833, 0.77083]},
								"west": {"uv": [8.26042, 0], "uv_size": [2.20833, 0.77083]},
								"up": {"uv": [10.46875, 0.77083], "uv_size": [-2.20833, -0.77083]},
								"down": {"uv": [10.46875, 0.77083], "uv_size": [-2.20833, -0.77083]}
							}
						},
						{
							"origin": [3.7, 16.1, -1.2],
							"size": [0.9, 1.8, 4],
							"uv": {
								"north": {"uv": [8.9125, 6.4375], "uv_size": [0.24375, 1.13542]},
								"east": {"uv": [10.5625, 4.0625], "uv_size": [2.46875, 1.34375]},
								"south": {"uv": [8.9125, 6.4375], "uv_size": [0.24375, 1.13542]},
								"west": {"uv": [14.36458, 4.97917], "uv_size": [0.80208, 0.92708]},
								"up": {"uv": [13.03125, 5.40625], "uv_size": [-2.46875, -1.34375]},
								"down": {"uv": [13.03125, 5.40625], "uv_size": [-2.46875, -1.34375]}
							}
						},
						{
							"origin": [3.4, 17.9, -10.8],
							"size": [1.9, 1.8, 17.4],
							"uv": {
								"north": {"uv": [4.11458, 5.17708], "uv_size": [0.85417, 2.30208]},
								"east": {"uv": [15.81667, 15.19792], "uv_size": [-2.32083, 0.80208]},
								"south": {"uv": [4.11458, 5.17708], "uv_size": [0.85417, 2.30208]},
								"west": {"uv": [13.50417, 15.19792], "uv_size": [2.32917, 0.80208]},
								"up": {"uv": [4.96875, 7.47917], "uv_size": [-0.85417, -2.30208]},
								"down": {"uv": [4.96875, 7.47917], "uv_size": [-0.85417, -2.30208]}
							}
						},
						{
							"origin": [3.875, 18.3, -14.5],
							"size": [0.95, 1, 9],
							"uv": {
								"north": {"uv": [4.08333, 1.66667], "uv_size": [1.80208, 1.88542]},
								"east": {"uv": [8.33333, 0], "uv_size": [1.96875, 0.63542]},
								"south": {"uv": [8.33333, 0], "uv_size": [1.96875, 0.63542]},
								"west": {"uv": [8.33333, 0], "uv_size": [1.96875, 0.63542]},
								"up": {"uv": [12.88542, 0], "uv_size": [-0.46875, 1.91042]},
								"down": {"uv": [12.88542, 0], "uv_size": [-0.46875, 1.91042]}
							}
						},
						{
							"origin": [3.875, 14.9, -14.5],
							"size": [0.95, 1, 9],
							"uv": {
								"north": {"uv": [4.08333, 1.66667], "uv_size": [1.80208, 1.88542]},
								"east": {"uv": [8.33333, 0], "uv_size": [1.96875, 0.63542]},
								"south": {"uv": [8.33333, 0], "uv_size": [1.96875, 0.63542]},
								"west": {"uv": [8.33333, 0], "uv_size": [1.96875, 0.63542]},
								"up": {"uv": [12.88542, 0], "uv_size": [-0.46875, 1.91042]},
								"down": {"uv": [12.88542, 0], "uv_size": [-0.46875, 1.91042]}
							}
						},
						{
							"origin": [3.4, 14.5, -10.8],
							"size": [1.9, 1.8, 17.4],
							"uv": {
								"north": {"uv": [4.11458, 5.17708], "uv_size": [0.85417, 2.30208]},
								"east": {"uv": [15.81667, 15.19792], "uv_size": [-2.32083, 0.80208]},
								"south": {"uv": [4.11458, 5.17708], "uv_size": [0.85417, 2.30208]},
								"west": {"uv": [13.50417, 15.19792], "uv_size": [2.32917, 0.80208]},
								"up": {"uv": [4.96875, 7.47917], "uv_size": [-0.85417, -2.30208]},
								"down": {"uv": [4.96875, 7.47917], "uv_size": [-0.85417, -2.30208]}
							}
						},
						{
							"origin": [-4.6, 16.1, -1.2],
							"size": [0.9, 1.8, 4],
							"uv": {
								"north": {"uv": [9.15625, 6.4375], "uv_size": [-0.24375, 1.13542]},
								"east": {"uv": [15.16667, 4.97917], "uv_size": [-0.80208, 0.92708]},
								"south": {"uv": [9.15625, 6.4375], "uv_size": [-0.24375, 1.13542]},
								"west": {"uv": [13.03125, 4.0625], "uv_size": [-2.46875, 1.34375]},
								"up": {"uv": [10.5625, 5.40625], "uv_size": [2.46875, -1.34375]},
								"down": {"uv": [10.5625, 5.40625], "uv_size": [2.46875, -1.34375]}
							}
						},
						{
							"origin": [-5.3, 14.5, -10.8],
							"size": [1.9, 1.8, 17.4],
							"uv": {
								"north": {"uv": [4.96875, 5.17708], "uv_size": [-0.85417, 2.30208]},
								"east": {"uv": [15.83333, 15.19792], "uv_size": [-2.32917, 0.80208]},
								"south": {"uv": [4.96875, 5.17708], "uv_size": [-0.85417, 2.30208]},
								"west": {"uv": [13.49583, 15.19792], "uv_size": [2.32083, 0.80208]},