{
	"format_version": "1.12.0",
	"minecraft:geometry": [
		{
			"description": {
				"identifier": "geometry.unknown",
				"texture_width": 16,
				"texture_height": 16,
				"visible_bounds_width": 2,
				"visible_bounds_height": 2.5,
				"visible_bounds_offset": [0, 0.75, 0]
			},
			"bones": [
				{
					"name": "magnet",
					"pivot": [-9.15667, 12.96036, 0.4],
					"cubes": [
						{
							"origin": [7.41323, 1.97647, -0.43025],
							"size": [1.62, 3.726, 1.5795],
							"pivot": [9.11423, 12.99247, 0.3595],
							"rotation": [0, 0, 90],
							"uv": {
								"north": {"uv": [2.16667, 13.41667], "uv_size": [0.91667, 1.33333]},
								"east": {"uv": [2.16667, 13.41667], "uv_size": [0.91667, 1.33333]},
								"south": {"uv": [2.16667, 13.41667], "uv_size": [0.91667, 1.33333]},
								"west": {"uv": [2.16667, 13.41667], "uv_size": [0.91667, 1.33333]},
								"up": {"uv": [3.08333, 14.75], "uv_size": [-0.91667, -1.33333]},
								"down": {"uv": [3.08333, 14.75], "uv_size": [-0.91667, -1.33333]}
							}
						},
						{
							"origin": [-3.07086, 14.41836, -0.4505],
							"size": [1.62, 4.946, 1.62],
							"uv": {
								"north": {"uv": [0.25, 12.75], "uv_size": [0.91667, 2.41667]},
								"east": {"uv": [0.25, 12.75], "uv_size": [0.91667, 2.41667]},
								"south": {"uv": [0.25, 12.75], "uv_size": [0.91667, 2.41667]},
								"west": {"uv": [0.25, 12.75], "uv_size": [0.91667, 2.41667]},
								"up": {"uv": [1.16667, 13.08333], "uv_size": [-0.91667, -0.33333]},
								"down": {"uv": [1.16667, 15.16667], "uv_size": [-0.91667, -2.41667]}
							}
						},
						{
							"origin": [-2.685, 13.38632, -0.41],
							"size": [1.62, 1.782, 1.539],
							"pivot": [-1.875, 14.27732, 0.3595],
							"rotation": [0, 0, 139],
							"uv": {
								"north": {"uv": [2.16667, 13.41667], "uv_size": [0.91667, 1.33333]},
								"east": {"uv": [2.16667, 13.41667], "uv_size": [0.91667, 1.33333]},
								"south": {"uv": [2.16667, 13.41667], "uv_size": [0.91667, 1.33333]},
								"west": {"uv": [2.16667, 13.41667], "uv_size": [0.91667, 1.33333]},
								"up": {"uv": [3.08333, 14.75], "uv_size": [-0.91667, -1.33333]},
								"down": {"uv": [3.08333, 14.75], "uv_size": [-0.91667, -1.33333]}
							}
						},
						{
							"origin": [0.98747, 13.38632, -0.41],
							"size": [1.62, 1.782, 1.539],
							"pivot": [1.79747, 14.27732, 0.3595],
							"rotation": [0, 0, -139],
							"uv": {
								"north": {"uv": [3.08333, 13.41667], "uv_size": [-0.91667, 1.33333]},
								"east": {"uv": [3.08333, 13.41667], "uv_size": [-0.91667, 1.33333]},
								"south": {"uv": [3.08333, 13.41667], "uv_size": [-0.91667, 1.33333]},
								"west": {"uv": [3.08333, 13.41667], "uv_size": [-0.91667, 1.33333]},
								"up": {"uv": [2.16667, 14.75], "uv_size": [0.91667, -1.33333]},
								"down": {"uv": [2.16667, 14.75], "uv_size": [0.91667, -1.33333]}
							}
						},
						{
							"origin": [1.37333, 14.41836, -0.4505],
							"size": [1.62, 4.946, 1.62],
							"uv": {
								"north": {"uv": [1.16667, 12.75], "uv_size": [-0.91667, 2.41667]},
								"east": {"uv": [1.16667, 12.75], "uv_size": [-0.91667, 2.41667]},
								"south": {"uv": [1.16667, 12.75], "uv_size": [-0.91667, 2.41667]},
								"west": {"uv": [1.16667, 12.75], "uv_size": [-0.91667, 2.41667]},
								"up": {"uv": [0.25, 13.08333], "uv_size": [0.91667, -0.33333]},
								"down": {"uv": [0.25, 15.16667], "uv_size": [0.91667, -2.41667]}
							}
						}
					]
				},
				{
					"name": "bone",
					"pivot": [0.15, 7.4, -1.775]
				}
			]
		}
	]
}